key,date,value
BTC,9/22/2017,1194830000
BTC,9/21/2017,1411480000
BTC,9/20/2017,1213830000
BTC,9/19/2017,1563980000
BTC,9/18/2017,1943210000
BTC,9/17/2017,1239150000
BTC,9/16/2017,1818400000
BTC,9/15/2017,4148070000
BTC,9/14/2017,2716310000
BTC,9/13/2017,2219410000
BTC,9/12/2017,1864530000
BTC,9/11/2017,1557330000
BTC,9/10/2017,1679090000
BTC,9/9/2017,1386230000
BTC,9/8/2017,2700890000
BTC,9/7/2017,1844620000
BTC,9/6/2017,2172100000
BTC,9/5/2017,2697970000
BTC,9/4/2017,2987330000
BTC,9/3/2017,1933190000
BTC,9/2/2017,2722140000
BTC,9/1/2017,2599080000
BTC,8/31/2017,1944930000
BTC,8/30/2017,1937850000
BTC,8/29/2017,2486080000
BTC,8/28/2017,1959330000
BTC,8/27/2017,1537460000
BTC,8/26/2017,1511610000
BTC,8/25/2017,1727970000
BTC,8/24/2017,2037750000
BTC,8/23/2017,2369820000
BTC,8/22/2017,3764240000
BTC,8/21/2017,2800890000
BTC,8/20/2017,2109770000
BTC,8/19/2017,2975820000
BTC,8/18/2017,2941710000
BTC,8/17/2017,2553360000
BTC,8/16/2017,2272040000
BTC,8/15/2017,3258050000
BTC,8/14/2017,2463090000
BTC,8/13/2017,3159090000
BTC,8/12/2017,2219590000
BTC,8/11/2017,2021190000
BTC,8/10/2017,1515110000
BTC,8/9/2017,1468960000
BTC,8/8/2017,1752760000
BTC,8/7/2017,1482280000
BTC,8/6/2017,1105030000
BTC,8/5/2017,1945700000
BTC,8/4/2017,1002120000
BTC,8/3/2017,804797000
BTC,8/2/2017,1094950000
BTC,8/1/2017,1324670000
BTC,7/31/2017,860575000
BTC,7/30/2017,705943000
BTC,7/29/2017,803746000
BTC,7/28/2017,1380100000
BTC,7/27/2017,789104000
BTC,7/26/2017,937404000
BTC,7/25/2017,1460090000
BTC,7/24/2017,866474000
BTC,7/23/2017,1072840000
BTC,7/22/2017,1177130000
BTC,7/21/2017,1489450000
BTC,7/20/2017,2249260000
BTC,7/19/2017,1245100000
BTC,7/18/2017,1512450000
BTC,7/17/2017,1201760000
BTC,7/16/2017,1182870000
BTC,7/15/2017,993608000
BTC,7/14/2017,882503000
BTC,7/13/2017,835770000
BTC,7/12/2017,1117410000
BTC,7/11/2017,1329760000
BTC,7/10/2017,1111200000
BTC,7/9/2017,527856000
BTC,7/8/2017,733330000
BTC,7/7/2017,917412000
BTC,7/6/2017,761957000
BTC,7/5/2017,941566000
BTC,7/4/2017,985516000
BTC,7/3/2017,964112000
BTC,7/2/2017,803747000
BTC,7/1/2017,779914000
BTC,6/30/2017,860273000
BTC,6/29/2017,949979000
BTC,6/28/2017,1183870000
BTC,6/27/2017,1489790000
BTC,6/26/2017,1663280000
BTC,6/25/2017,1161100000
BTC,6/24/2017,982750000
BTC,6/23/2017,961319000
BTC,6/22/2017,1097940000
BTC,6/21/2017,1626580000
BTC,6/20/2017,1854190000
BTC,6/19/2017,1446840000
BTC,6/18/2017,1178660000
BTC,6/17/2017,1534510000
BTC,6/16/2017,1195190000
BTC,6/15/2017,2026260000
BTC,6/14/2017,1696560000
BTC,6/13/2017,1781200000
BTC,6/12/2017,2569530000
BTC,6/11/2017,1752400000
BTC,6/10/2017,2018890000
BTC,6/9/2017,1348950000
BTC,6/8/2017,1281170000
BTC,6/7/2017,1517710000
BTC,6/6/2017,2089610000
BTC,6/5/2017,1369310000
BTC,6/4/2017,1355120000
BTC,6/3/2017,1514950000
BTC,6/2/2017,1317030000
BTC,6/1/2017,1653180000
BTC,5/31/2017,1544830000
BTC,5/30/2017,1443970000
BTC,5/29/2017,994625000
BTC,5/28/2017,1147140000
BTC,5/27/2017,1700480000
BTC,5/26/2017,1763480000
BTC,5/25/2017,2406700000
BTC,5/24/2017,1725380000
BTC,5/23/2017,1378750000
BTC,5/22/2017,1942220000
BTC,5/21/2017,1147860000
BTC,5/20/2017,961336000
BTC,5/19/2017,1157290000
BTC,5/18/2017,894321000
BTC,5/17/2017,1064730000
BTC,5/16/2017,959045000
BTC,5/15/2017,731529000
BTC,5/14/2017,437196000
BTC,5/13/2017,579635000
BTC,5/12/2017,740984000
BTC,5/11/2017,799490000
BTC,5/10/2017,915723000
BTC,5/9/2017,1167920000
BTC,5/8/2017,1340320000
BTC,5/7/2017,1080030000
BTC,5/6/2017,582530000
BTC,5/5/2017,946036000
BTC,5/4/2017,933549000
BTC,5/3/2017,583796000
BTC,5/2/2017,477338000
BTC,5/1/2017,713624000
BTC,4/30/2017,413115000
BTC,4/29/2017,422706000
BTC,4/28/2017,527489000
BTC,4/27/2017,449197000
BTC,4/26/2017,329631000
BTC,4/25/2017,242556000
BTC,4/24/2017,235806000
BTC,4/23/2017,258951000
BTC,4/22/2017,249320000
BTC,4/21/2017,272167000
BTC,4/20/2017,315108000
BTC,4/19/2017,288061000
BTC,4/18/2017,270524000
BTC,4/17/2017,253206000
BTC,4/16/2017,183231000
BTC,4/15/2017,203559000
BTC,4/14/2017,254827000
BTC,4/13/2017,351969000
BTC,4/12/2017,288702000
BTC,4/11/2017,216182000
BTC,4/10/2017,215883000
BTC,4/9/2017,242343000
BTC,4/8/2017,209312000
BTC,4/7/2017,317022000
BTC,4/6/2017,511222000
BTC,4/5/2017,414784000
BTC,4/4/2017,436310000
BTC,4/3/2017,580444000
BTC,4/2/2017,514187000
BTC,4/1/2017,289634000
BTC,3/31/2017,447287000
BTC,3/30/2017,352969000
BTC,3/29/2017,298458000
BTC,3/28/2017,326332000
BTC,3/27/2017,372535000
BTC,3/26/2017,303668000
BTC,3/25/2017,435803000
BTC,3/24/2017,491038000
BTC,3/23/2017,248540000
BTC,3/22/2017,380841000
BTC,3/21/2017,337391000
BTC,3/20/2017,286530000
BTC,3/19/2017,406648000
BTC,3/18/2017,621302000
BTC,3/17/2017,706599000
BTC,3/16/2017,638568000
BTC,3/15/2017,297805000
BTC,3/14/2017,245306000
BTC,3/13/2017,380277000
BTC,3/12/2017,227176000
BTC,3/11/2017,283320000
BTC,3/10/2017,563796000
BTC,3/9/2017,212283000
BTC,3/8/2017,332603000
BTC,3/7/2017,291256000
BTC,3/6/2017,153657000
BTC,3/5/2017,134127000
BTC,3/4/2017,183270000
BTC,3/3/2017,315739000
BTC,3/2/2017,368275000
BTC,3/1/2017,229057000
BTC,2/28/2017,184956000
BTC,2/27/2017,131570000
BTC,2/26/2017,116486000
BTC,2/25/2017,139961000
BTC,2/24/2017,330759000
BTC,2/23/2017,189454000
BTC,2/22/2017,136100000
BTC,2/21/2017,186869000
BTC,2/20/2017,109478000
BTC,2/19/2017,77423300
BTC,2/18/2017,99073500
BTC,2/17/2017,136474000
BTC,2/16/2017,122277000
BTC,2/15/2017,89759400
BTC,2/14/2017,137946000
BTC,2/13/2017,100607000
BTC,2/12/2017,67530000
BTC,2/11/2017,102261000
BTC,2/10/2017,190452000
BTC,2/9/2017,407220000
BTC,2/8/2017,201855000
BTC,2/7/2017,146007000
BTC,2/6/2017,111762000
BTC,2/5/2017,114208000
BTC,2/4/2017,155064000
BTC,2/3/2017,201278000
BTC,2/2/2017,145821000
BTC,2/1/2017,150110000
BTC,1/31/2017,164582000
BTC,1/30/2017,78227300
BTC,1/29/2017,60851700
BTC,1/28/2017,68979600
BTC,1/27/2017,125594000
BTC,1/26/2017,131958000
BTC,1/25/2017,120831000
BTC,1/24/2017,111349000
BTC,1/23/2017,73588600
BTC,1/22/2017,116573000
BTC,1/21/2017,111158000
BTC,1/20/2017,86728400
BTC,1/19/2017,105625000
BTC,1/18/2017,225677000
BTC,1/17/2017,155095000
BTC,1/16/2017,82755200
BTC,1/15/2017,71013600
BTC,1/14/2017,93063300
BTC,1/13/2017,168968000
BTC,1/12/2017,222326000
BTC,1/11/2017,310929000
BTC,1/10/2017,115808000
BTC,1/9/2017,141877000
BTC,1/8/2017,158715000
BTC,1/7/2017,279550000
BTC,1/6/2017,351876000
BTC,1/5/2017,510199000
BTC,1/4/2017,344946000
BTC,1/3/2017,185168000
BTC,1/2/2017,222185000
BTC,1/1/2017,147775000
ETH,9/22/2017,430081000
ETH,9/21/2017,601266000
ETH,9/20/2017,421404000
ETH,9/19/2017,646909000
ETH,9/18/2017,1127750000
ETH,9/17/2017,427452000
ETH,9/16/2017,711737000
ETH,9/15/2017,1935700000
ETH,9/14/2017,1184590000
ETH,9/13/2017,921692000
ETH,9/12/2017,753144000
ETH,9/11/2017,571307000
ETH,9/10/2017,698326000
ETH,9/9/2017,528621000
ETH,9/8/2017,1098780000
ETH,9/7/2017,718624000
ETH,9/6/2017,1058830000
ETH,9/5/2017,1551050000
ETH,9/4/2017,1801690000
ETH,9/3/2017,986266000
ETH,9/2/2017,1483600000
ETH,9/1/2017,874222000
ETH,8/31/2017,706254000
ETH,8/30/2017,1333320000
ETH,8/29/2017,1220030000
ETH,8/28/2017,854319000
ETH,8/27/2017,633370000
ETH,8/26/2017,514181000
ETH,8/25/2017,760329000
ETH,8/24/2017,697665000
ETH,8/23/2017,811990000
ETH,8/22/2017,1336400000
ETH,8/21/2017,2448970000
ETH,8/20/2017,571947000
ETH,8/19/2017,860202000
ETH,8/18/2017,936160000
ETH,8/17/2017,909494000
ETH,8/16/2017,967643000
ETH,8/15/2017,1051800000
ETH,8/14/2017,864391000
ETH,8/13/2017,1369370000
ETH,8/12/2017,1111650000
ETH,8/11/2017,953576000
ETH,8/10/2017,1076820000
ETH,8/9/2017,2638580000
ETH,8/8/2017,1502410000
ETH,8/7/2017,935727000
ETH,8/6/2017,1482980000
ETH,8/5/2017,1333000000
ETH,8/4/2017,539783000
ETH,8/3/2017,557217000
ETH,8/2/2017,632606000
ETH,8/1/2017,1585330000
ETH,7/31/2017,569414000
ETH,7/30/2017,596234000
ETH,7/29/2017,824355000
ETH,7/28/2017,562571000
ETH,7/27/2017,393283000
ETH,7/26/2017,717692000
ETH,7/25/2017,1095760000
ETH,7/24/2017,431691000
ETH,7/23/2017,649615000
ETH,7/22/2017,618260000
ETH,7/21/2017,1006130000
ETH,7/20/2017,2225000000
ETH,7/19/2017,2328790000
ETH,7/18/2017,2709260000
ETH,7/17/2017,1669500000
ETH,7/16/2017,1516890000
ETH,7/15/2017,810452000
ETH,7/14/2017,749382000
ETH,7/13/2017,828489000
ETH,7/12/2017,1241190000
ETH,7/11/2017,1440950000
ETH,7/10/2017,937219000
ETH,7/9/2017,505118000
ETH,7/8/2017,754958000
ETH,7/7/2017,687252000
ETH,7/6/2017,623080000
ETH,7/5/2017,790256000
ETH,7/4/2017,687691000
ETH,7/3/2017,851408000
ETH,7/2/2017,1123330000
ETH,7/1/2017,1089200000
ETH,6/30/2017,1011800000
ETH,6/29/2017,1508580000
ETH,6/28/2017,2056550000
ETH,6/27/2017,1973870000
ETH,6/26/2017,2081810000
ETH,6/25/2017,1186880000
ETH,6/24/2017,673585000
ETH,6/23/2017,593207000
ETH,6/22/2017,925767000
ETH,6/21/2017,1420130000
ETH,6/20/2017,1020390000
ETH,6/19/2017,685172000
ETH,6/18/2017,904703000
ETH,6/17/2017,904653000
ETH,6/16/2017,1096280000
ETH,6/15/2017,2463450000
ETH,6/14/2017,1272580000
ETH,6/13/2017,1717380000
ETH,6/12/2017,2882650000
ETH,6/11/2017,1373220000
ETH,6/10/2017,1611630000
ETH,6/9/2017,557986000
ETH,6/8/2017,385494000
ETH,6/7/2017,461649000
ETH,6/6/2017,741553000
ETH,6/5/2017,435660000
ETH,6/4/2017,753820000
ETH,6/3/2017,427896000
ETH,6/2/2017,469532000
ETH,6/1/2017,812924000
ETH,5/31/2017,1271600000
ETH,5/30/2017,1586670000
ETH,5/29/2017,718828000
ETH,5/28/2017,717971000
ETH,5/27/2017,1217060000
ETH,5/26/2017,792458000
ETH,5/25/2017,943637000
ETH,5/24/2017,561014000
ETH,5/23/2017,530709000
ETH,5/22/2017,1188910000
ETH,5/21/2017,570361000
ETH,5/20/2017,331455000
ETH,5/19/2017,626945000
ETH,5/18/2017,196237000
ETH,5/17/2017,183031000
ETH,5/16/2017,152285000
ETH,5/15/2017,170999000
ETH,5/14/2017,66046600
ETH,5/13/2017,88742200
ETH,5/12/2017,145825000
ETH,5/11/2017,132722000
ETH,5/10/2017,145602000
ETH,5/9/2017,363434000
ETH,5/8/2017,231344000
ETH,5/7/2017,183295000
ETH,5/6/2017,151462000
ETH,5/5/2017,331928000
ETH,5/4/2017,366847000
ETH,5/3/2017,141922000
ETH,5/2/2017,193773000
ETH,5/1/2017,376842000
ETH,4/30/2017,229945000
ETH,4/29/2017,165448000
ETH,4/28/2017,346546000
ETH,4/27/2017,246775000
ETH,4/26/2017,104884000
ETH,4/25/2017,38264600
ETH,4/24/2017,55580600
ETH,4/23/2017,36234000
ETH,4/22/2017,37357600
ETH,4/21/2017,45048300
ETH,4/20/2017,79600900
ETH,4/19/2017,76281000
ETH,4/18/2017,78748500
ETH,4/17/2017,44013300
ETH,4/16/2017,31343800
ETH,4/15/2017,66207800
ETH,4/14/2017,91674400
ETH,4/13/2017,157200000
ETH,4/12/2017,88045700
ETH,4/11/2017,38303300
ETH,4/10/2017,44061500
ETH,4/9/2017,55143000
ETH,4/8/2017,74138800
ETH,4/7/2017,81474700
ETH,4/6/2017,147120000
ETH,4/5/2017,119733000
ETH,4/4/2017,157568000
ETH,4/3/2017,190513000
ETH,4/2/2017,134604000
ETH,4/1/2017,92461900
ETH,3/31/2017,151416000
ETH,3/30/2017,86885700
ETH,3/29/2017,144998000
ETH,3/28/2017,97745300
ETH,3/27/2017,118978000
ETH,3/26/2017,106859000
ETH,3/25/2017,223059000
ETH,3/24/2017,297046000
ETH,3/23/2017,100724000
ETH,3/22/2017,113952000
ETH,3/21/2017,91265400
ETH,3/20/2017,154701000
ETH,3/19/2017,239430000
ETH,3/18/2017,262180000
ETH,3/17/2017,497534000
ETH,3/16/2017,454418000
ETH,3/15/2017,170344000
ETH,3/14/2017,101797000
ETH,3/13/2017,255488000
ETH,3/12/2017,74628900
ETH,3/11/2017,69150100
ETH,3/10/2017,87506800
ETH,3/9/2017,31418400
ETH,3/8/2017,44304600
ETH,3/7/2017,37972200
ETH,3/6/2017,32432700
ETH,3/5/2017,26816300
ETH,3/4/2017,27341900
ETH,3/3/2017,95863400
ETH,3/2/2017,83627100
ETH,3/1/2017,44927500
ETH,2/28/2017,65478900
ETH,2/27/2017,31667000
ETH,2/26/2017,20307500
ETH,2/25/2017,18533900
ETH,2/24/2017,19574400
ETH,2/23/2017,14522300
ETH,2/22/2017,10360900
ETH,2/21/2017,15183300
ETH,2/20/2017,12994400
ETH,2/19/2017,7799740
ETH,2/18/2017,9370010
ETH,2/17/2017,11636500
ETH,2/16/2017,38002600
ETH,2/15/2017,18464700
ETH,2/14/2017,42911500
ETH,2/13/2017,7216520
ETH,2/12/2017,6264900
ETH,2/11/2017,7544520
ETH,2/10/2017,11914200
ETH,2/9/2017,18400300
ETH,2/8/2017,9688630
ETH,2/7/2017,7629640
ETH,2/6/2017,5695440
ETH,2/5/2017,5942960
ETH,2/4/2017,14139500
ETH,2/3/2017,12897800
ETH,2/2/2017,10172500
ETH,2/1/2017,12852200
ETH,1/31/2017,11648700
ETH,1/30/2017,8042180
ETH,1/29/2017,4689950
ETH,1/28/2017,6580700
ETH,1/27/2017,7189170
ETH,1/26/2017,8465020
ETH,1/25/2017,6751450
ETH,1/24/2017,8327330
ETH,1/23/2017,7267210
ETH,1/22/2017,8678620
ETH,1/21/2017,11937600
ETH,1/20/2017,10992800
ETH,1/19/2017,8347550
ETH,1/18/2017,10788200
ETH,1/17/2017,18391900
ETH,1/16/2017,14937400
ETH,1/15/2017,14837900
ETH,1/14/2017,20085800
ETH,1/13/2017,25066600
ETH,1/12/2017,30453800
ETH,1/11/2017,26823500
ETH,1/10/2017,10879700
ETH,1/9/2017,25718300
ETH,1/8/2017,16676600
ETH,1/7/2017,23153600
ETH,1/6/2017,29471800
ETH,1/5/2017,41557400
ETH,1/4/2017,41051200
ETH,1/3/2017,33625200
ETH,1/2/2017,14579600
ETH,1/1/2017,14731700
LTC,9/22/2017,218134000
LTC,9/21/2017,229363000
LTC,9/20/2017,160252000
LTC,9/19/2017,286583000
LTC,9/18/2017,408675000
LTC,9/17/2017,245262000
LTC,9/16/2017,562278000
LTC,9/15/2017,1554340000
LTC,9/14/2017,749714000
LTC,9/13/2017,501522000
LTC,9/12/2017,481218000
LTC,9/11/2017,412076000
LTC,9/10/2017,529848000
LTC,9/9/2017,467895000
LTC,9/8/2017,930673000
LTC,9/7/2017,526829000
LTC,9/6/2017,830718000
LTC,9/5/2017,1016090000
LTC,9/4/2017,922041000
LTC,9/3/2017,675462000
LTC,9/2/2017,1363990000
LTC,9/1/2017,1551740000
LTC,8/31/2017,633147000
LTC,8/30/2017,240309000
LTC,8/29/2017,294799000
LTC,8/28/2017,556637000
LTC,8/27/2017,890546000
LTC,8/26/2017,126024000
LTC,8/25/2017,157619000
LTC,8/24/2017,391342000
LTC,8/23/2017,447188000
LTC,8/22/2017,163104000
LTC,8/21/2017,207172000
LTC,8/20/2017,138850000
LTC,8/19/2017,155404000
LTC,8/18/2017,293350000
LTC,8/17/2017,104020000
LTC,8/16/2017,120765000
LTC,8/15/2017,206081000
LTC,8/14/2017,114402000
LTC,8/13/2017,242565000
LTC,8/12/2017,142065000
LTC,8/11/2017,137644000
LTC,8/10/2017,121661000
LTC,8/9/2017,253103000
LTC,8/8/2017,205565000
LTC,8/7/2017,106560000
LTC,8/6/2017,147891000
LTC,8/5/2017,248320000
LTC,8/4/2017,114810000
LTC,8/3/2017,95497600
LTC,8/2/2017,103557000
LTC,8/1/2017,203656000
LTC,7/31/2017,240821000
LTC,7/30/2017,75746700
LTC,7/29/2017,109945000
LTC,7/28/2017,137556000
LTC,7/27/2017,81714000
LTC,7/26/2017,121389000
LTC,7/25/2017,206307000
LTC,7/24/2017,158532000
LTC,7/23/2017,219257000
LTC,7/22/2017,132333000
LTC,7/21/2017,286020000
LTC,7/20/2017,354802000
LTC,7/19/2017,246377000
LTC,7/18/2017,380816000
LTC,7/17/2017,355036000
LTC,7/16/2017,393366000
LTC,7/15/2017,327332000
LTC,7/14/2017,320419000
LTC,7/13/2017,229105000
LTC,7/12/2017,369964000
LTC,7/11/2017,400045000
LTC,7/10/2017,373253000
LTC,7/9/2017,409244000
LTC,7/8/2017,604987000
LTC,7/7/2017,553712000
LTC,7/6/2017,461149000
LTC,7/5/2017,790609000
LTC,7/4/2017,1101750000
LTC,7/3/2017,729938000
LTC,7/2/2017,315630000
LTC,7/1/2017,225507000
LTC,6/30/2017,251184000
LTC,6/29/2017,300131000
LTC,6/28/2017,353444000
LTC,6/27/2017,565265000
LTC,6/26/2017,538072000
LTC,6/25/2017,354372000
LTC,6/24/2017,321214000
LTC,6/23/2017,284270000
LTC,6/22/2017,445323000
LTC,6/21/2017,640054000
LTC,6/20/2017,612935000
LTC,6/19/2017,1342360000
LTC,6/18/2017,1016220000
LTC,6/17/2017,1730780000
LTC,6/16/2017,515973000
LTC,6/15/2017,314502000
LTC,6/14/2017,278323000
LTC,6/13/2017,150455000
LTC,6/12/2017,372663000
LTC,6/11/2017,406218000
LTC,6/10/2017,202679000
LTC,6/9/2017,176841000
LTC,6/8/2017,229005000
LTC,6/7/2017,264597000
LTC,6/6/2017,321099000
LTC,6/5/2017,366901000
LTC,6/4/2017,204435000
LTC,6/3/2017,290556000
LTC,6/2/2017,332251000
LTC,6/1/2017,420473000
LTC,5/31/2017,298675000
LTC,5/30/2017,216944000
LTC,5/29/2017,219796000
LTC,5/28/2017,377039000
LTC,5/27/2017,505424000
LTC,5/26/2017,484254000
LTC,5/25/2017,687651000
LTC,5/24/2017,196292000
LTC,5/23/2017,216875000
LTC,5/22/2017,164829000
LTC,5/21/2017,104882000
LTC,5/20/2017,59065000
LTC,5/19/2017,96923800
LTC,5/18/2017,115830000
LTC,5/17/2017,141118000
LTC,5/16/2017,136875000
LTC,5/15/2017,97147900
LTC,5/14/2017,67853200
LTC,5/13/2017,83564400
LTC,5/12/2017,110569000
LTC,5/11/2017,206137000
LTC,5/10/2017,410466000
LTC,5/9/2017,251517000
LTC,5/8/2017,132650000
LTC,5/7/2017,187718000
LTC,5/6/2017,108083000
LTC,5/5/2017,218949000
LTC,5/4/2017,242912000
LTC,5/3/2017,253441000
LTC,5/2/2017,38692100
LTC,5/1/2017,66989400
LTC,4/30/2017,43929100
LTC,4/29/2017,45713600
LTC,4/28/2017,41067800
LTC,4/27/2017,76208000
LTC,4/26/2017,71308800
LTC,4/25/2017,56668300
LTC,4/24/2017,60177200
LTC,4/23/2017,198452000
LTC,4/22/2017,158914000
LTC,4/21/2017,99012200
LTC,4/20/2017,55828300
LTC,4/19/2017,55784900
LTC,4/18/2017,83183300
LTC,4/17/2017,104055000
LTC,4/16/2017,24321400
LTC,4/15/2017,47922000
LTC,4/14/2017,61137000
LTC,4/13/2017,64187400
LTC,4/12/2017,159255000
LTC,4/11/2017,50700000
LTC,4/10/2017,74425700
LTC,4/9/2017,90963300
LTC,4/8/2017,58489100
LTC,4/7/2017,94765600
LTC,4/6/2017,194300000
LTC,4/5/2017,217834000
LTC,4/4/2017,129208000
LTC,4/3/2017,114179000
LTC,4/2/2017,88560400
LTC,4/1/2017,57711700
LTC,3/31/2017,98922600
LTC,3/30/2017,191251000
LTC,3/29/2017,8479960
LTC,3/28/2017,4297870
LTC,3/27/2017,5162690
LTC,3/26/2017,3911060
LTC,3/25/2017,7904680
LTC,3/24/2017,12524300
LTC,3/23/2017,3354160
LTC,3/22/2017,5949960
LTC,3/21/2017,4970080
LTC,3/20/2017,4068240
LTC,3/19/2017,6013050
LTC,3/18/2017,12199700
LTC,3/17/2017,11109600
LTC,3/16/2017,12755200
LTC,3/15/2017,6571900
LTC,3/14/2017,7928910
LTC,3/13/2017,22439100
LTC,3/12/2017,3373750
LTC,3/11/2017,3463740
LTC,3/10/2017,7090150
LTC,3/9/2017,3092100
LTC,3/8/2017,4594400
LTC,3/7/2017,5619560
LTC,3/6/2017,4393810
LTC,3/5/2017,2836910
LTC,3/4/2017,3361400
LTC,3/3/2017,7515680
LTC,3/2/2017,9439480
LTC,3/1/2017,4405000
LTC,2/28/2017,4045440
LTC,2/27/2017,3766590
LTC,2/26/2017,2688250
LTC,2/25/2017,3581200
LTC,2/24/2017,6921090
LTC,2/23/2017,4096480
LTC,2/22/2017,4547610
LTC,2/21/2017,4110740
LTC,2/20/2017,3128060
LTC,2/19/2017,2701490
LTC,2/18/2017,3209270
LTC,2/17/2017,4001350
LTC,2/16/2017,3991580
LTC,2/15/2017,2683590
LTC,2/14/2017,3994400
LTC,2/13/2017,4721650
LTC,2/12/2017,2706320
LTC,2/11/2017,3340840
LTC,2/10/2017,7918280
LTC,2/9/2017,21297300
LTC,2/8/2017,7016980
LTC,2/7/2017,6570650
LTC,2/6/2017,4972300
LTC,2/5/2017,4635400
LTC,2/4/2017,6926300
LTC,2/3/2017,8548470
LTC,2/2/2017,5175450
LTC,2/1/2017,7753930
LTC,1/31/2017,15799800
LTC,1/30/2017,10192700
LTC,1/29/2017,2804420
LTC,1/28/2017,3305270
LTC,1/27/2017,5049680
LTC,1/26/2017,5817220
LTC,1/25/2017,6863540
LTC,1/24/2017,2629220
LTC,1/23/2017,2725110
LTC,1/22/2017,2630830
LTC,1/21/2017,2717700
LTC,1/20/2017,3427180
LTC,1/19/2017,4090650
LTC,1/18/2017,4321020
LTC,1/17/2017,4816480
LTC,1/16/2017,8159260
LTC,1/15/2017,9341360
LTC,1/14/2017,3999180
LTC,1/13/2017,7720620
LTC,1/12/2017,13690900
LTC,1/11/2017,21863300
LTC,1/10/2017,15157900
LTC,1/9/2017,11165200
LTC,1/8/2017,11728600
LTC,1/7/2017,14628400
LTC,1/6/2017,11063700
LTC,1/5/2017,19196000
LTC,1/4/2017,13762400
LTC,1/3/2017,10055700
LTC,1/2/2017,14595300
LTC,1/1/2017,11337500
RIP,9/22/2017,37244700
RIP,9/21/2017,43583200
RIP,9/20/2017,34521600
RIP,9/19/2017,54046100
RIP,9/18/2017,88397900
RIP,9/17/2017,49161100
RIP,9/16/2017,84495200
RIP,9/15/2017,289414000
RIP,9/14/2017,152533000
RIP,9/13/2017,105471000
RIP,9/12/2017,94519500
RIP,9/11/2017,138339000
RIP,9/10/2017,117091000
RIP,9/9/2017,51185500
RIP,9/8/2017,151329000
RIP,9/7/2017,103080000
RIP,9/6/2017,163297000
RIP,9/5/2017,242636000
RIP,9/4/2017,239613000
RIP,9/3/2017,186526000
RIP,9/2/2017,329928000
RIP,9/1/2017,283576000
RIP,8/31/2017,432574000
RIP,8/30/2017,181186000
RIP,8/29/2017,269770000
RIP,8/28/2017,542468000
RIP,8/27/2017,193971000
RIP,8/26/2017,184121000
RIP,8/25/2017,504484000
RIP,8/24/2017,1342360000
RIP,8/23/2017,1770400000
RIP,8/22/2017,1450040000
RIP,8/21/2017,447089000
RIP,8/20/2017,68542800
RIP,8/19/2017,87062100
RIP,8/18/2017,146539000
RIP,8/17/2017,56084300
RIP,8/16/2017,107920000
RIP,8/15/2017,100614000
RIP,8/14/2017,84388300
RIP,8/13/2017,110199000
RIP,8/12/2017,65229300
RIP,8/11/2017,54059700
RIP,8/10/2017,48162800
RIP,8/9/2017,97805400
RIP,8/8/2017,180028000
RIP,8/7/2017,58052100
RIP,8/6/2017,74161600
RIP,8/5/2017,114270000
RIP,8/4/2017,45170000
RIP,8/3/2017,31479000
RIP,8/2/2017,53441400
RIP,8/1/2017,119957000
RIP,7/31/2017,57273800
RIP,7/30/2017,40621700
RIP,7/29/2017,80897000
RIP,7/28/2017,74649800
RIP,7/27/2017,34575100
RIP,7/26/2017,76584600
RIP,7/25/2017,166807000
RIP,7/24/2017,56632800
RIP,7/23/2017,195682000
RIP,7/22/2017,83913800
RIP,7/21/2017,104722000
RIP,7/20/2017,183292000
RIP,7/19/2017,147778000
RIP,7/18/2017,295841000
RIP,7/17/2017,312685000
RIP,7/16/2017,257944000
RIP,7/15/2017,131779000
RIP,7/14/2017,97037600
RIP,7/13/2017,216750000
RIP,7/12/2017,153023000
RIP,7/11/2017,271415000
RIP,7/10/2017,119367000
RIP,7/9/2017,82755000
RIP,7/8/2017,124578000
RIP,7/7/2017,88408000
RIP,7/6/2017,43845800
RIP,7/5/2017,73292100
RIP,7/4/2017,56008900
RIP,7/3/2017,60367800
RIP,7/2/2017,54095000
RIP,7/1/2017,53611000
RIP,6/30/2017,67764500
RIP,6/29/2017,89745300
RIP,6/28/2017,126278000
RIP,6/27/2017,186951000
RIP,6/26/2017,280100000
RIP,6/25/2017,158845000
RIP,6/24/2017,313710000
RIP,6/23/2017,177221000
RIP,6/22/2017,194551000
RIP,6/21/2017,358493000
RIP,6/20/2017,793610000
RIP,6/19/2017,164955000
RIP,6/18/2017,232512000
RIP,6/17/2017,121948000
RIP,6/16/2017,88152400
RIP,6/15/2017,191548000
RIP,6/14/2017,431096000
RIP,6/13/2017,111937000
RIP,6/12/2017,149942000
RIP,6/11/2017,114566000
RIP,6/10/2017,156721000
RIP,6/9/2017,102482000
RIP,6/8/2017,103152000
RIP,6/7/2017,145839000
RIP,6/6/2017,132720000
RIP,6/5/2017,78433500
RIP,6/4/2017,153488000
RIP,6/3/2017,155454000
RIP,6/2/2017,293677000
RIP,6/1/2017,588819000
RIP,5/31/2017,160620000
RIP,5/30/2017,92808700
RIP,5/29/2017,86555600
RIP,5/28/2017,122253000
RIP,5/27/2017,255532000
RIP,5/26/2017,253935000
RIP,5/25/2017,237805000
RIP,5/24/2017,166168000
RIP,5/23/2017,153050000
RIP,5/22/2017,265699000
RIP,5/21/2017,129765000
RIP,5/20/2017,237792000
RIP,5/19/2017,269894000
RIP,5/18/2017,237644000
RIP,5/17/2017,470974000
RIP,5/16/2017,440882000
RIP,5/15/2017,223923000
RIP,5/14/2017,69732000
RIP,5/13/2017,117101000
RIP,5/12/2017,123635000
RIP,5/11/2017,103699000
RIP,5/10/2017,138792000
RIP,5/9/2017,214002000
RIP,5/8/2017,402611000
RIP,5/7/2017,249029000
RIP,5/6/2017,88394200
RIP,5/5/2017,184430000
RIP,5/4/2017,153374000
RIP,5/3/2017,42869000
RIP,5/2/2017,33814700
RIP,5/1/2017,61730100
RIP,4/30/2017,41974200
RIP,4/29/2017,114359000
RIP,4/28/2017,81121600
RIP,4/27/2017,16661600
RIP,4/26/2017,11921700
RIP,4/25/2017,13469200
RIP,4/24/2017,6333250
RIP,4/23/2017,4976320
RIP,4/22/2017,9020550
RIP,4/21/2017,28245700
RIP,4/20/2017,25650400
RIP,4/19/2017,13265600
RIP,4/18/2017,8970210
RIP,4/17/2017,7933260
RIP,4/16/2017,5980280
RIP,4/15/2017,4972610
RIP,4/14/2017,8869300
RIP,4/13/2017,15872400
RIP,4/12/2017,13437000
RIP,4/11/2017,11301000
RIP,4/10/2017,12012700
RIP,4/9/2017,15695600
RIP,4/8/2017,14782600
RIP,4/7/2017,36825000
RIP,4/6/2017,48264600
RIP,4/5/2017,42360300
RIP,4/4/2017,78538100
RIP,4/3/2017,155550000
RIP,4/2/2017,230622000
RIP,4/1/2017,30657700
RIP,3/31/2017,72699400
RIP,3/30/2017,19821800
RIP,3/29/2017,3344230
RIP,3/28/2017,3111280
RIP,3/27/2017,6336150
RIP,3/26/2017,5475230
RIP,3/25/2017,11334900
RIP,3/24/2017,24493700
RIP,3/23/2017,12315100
RIP,3/22/2017,4652530
RIP,3/21/2017,3021440
RIP,3/20/2017,3423710
RIP,3/19/2017,4241970
RIP,3/18/2017,7223300
RIP,3/17/2017,3442010
RIP,3/16/2017,3860210
RIP,3/15/2017,1376090
RIP,3/14/2017,1358830
RIP,3/13/2017,2561890
RIP,3/12/2017,1531030
RIP,3/11/2017,1818590
RIP,3/10/2017,3144440
RIP,3/9/2017,2064660
RIP,3/8/2017,3432500
RIP,3/7/2017,2901920
RIP,3/6/2017,1023500
RIP,3/5/2017,1044760
RIP,3/4/2017,1372440
RIP,3/3/2017,2703850
RIP,3/2/2017,3811500
RIP,3/1/2017,1630460
RIP,2/28/2017,1693350
RIP,2/27/2017,641126
RIP,2/26/2017,258373
RIP,2/25/2017,684577
RIP,2/24/2017,1343690
RIP,2/23/2017,750533
RIP,2/22/2017,500712
RIP,2/21/2017,653081
RIP,2/20/2017,880117
RIP,2/19/2017,896856
RIP,2/18/2017,1866850
RIP,2/17/2017,1160600
RIP,2/16/2017,1355840
RIP,2/15/2017,813299
RIP,2/14/2017,671150
RIP,2/13/2017,462843
RIP,2/12/2017,230479
RIP,2/11/2017,334607
RIP,2/10/2017,808768
RIP,2/9/2017,1700680
RIP,2/8/2017,860217
RIP,2/7/2017,945440
RIP,2/6/2017,386766
RIP,2/5/2017,367001
RIP,2/4/2017,314187
RIP,2/3/2017,548263
RIP,2/2/2017,670888
RIP,2/1/2017,1836820
RIP,1/31/2017,661444
RIP,1/30/2017,391822
RIP,1/29/2017,325176
RIP,1/28/2017,241491
RIP,1/27/2017,924745
RIP,1/26/2017,1446950
RIP,1/25/2017,522497
RIP,1/24/2017,509262
RIP,1/23/2017,309838
RIP,1/22/2017,362422
RIP,1/21/2017,553724
RIP,1/20/2017,620052
RIP,1/19/2017,760684
RIP,1/18/2017,1342730
RIP,1/17/2017,1842150
RIP,1/16/2017,699284
RIP,1/15/2017,780822
RIP,1/14/2017,1307810
RIP,1/13/2017,2059340
RIP,1/12/2017,5013190
RIP,1/11/2017,3436270
RIP,1/10/2017,2510530
RIP,1/9/2017,702255
RIP,1/8/2017,554133
RIP,1/7/2017,1351030
RIP,1/6/2017,1746150
RIP,1/5/2017,4058170
RIP,1/4/2017,1642730
RIP,1/3/2017,1014830
RIP,1/2/2017,1046250
RIP,1/1/2017,418978
